use fitness;

# 지점(지점명, 연락처, 지점주소)
delete from fitness.branch;
insert into fitness.branch(br_name, br_phone, br_postcode, br_address, br_detailAddress, br_extraAddress)
values
	("본점", "021111111", "06234", "서울특별시 강남구 테헤란로 130", "6층", "(역삼동)"),
	("역삼점", "021112222", "06231", "서울 강남구 도곡로 205", "지하 1층", "(역삼동)"),
	("강남점", "021113333", "06242", "서울 강남구 강남대로78길 8", "지하 2층", "(역삼동)"),
    ("논현점", "021114444", "06110", "서울 강남구 학동로4길 15", "지하 1층", "(논현동)"),
    ("대치동점", "021115555", "06282", "서울 강남구 도곡로 510", "지하 1층", "(대치동)"),
    ("선릉점", "021116666", "06150", "서울 강남구 선릉로 513", "지하1층", "(역삼동)");


# 회원(아이디, 비밀번호, 이메일, 이름, 전화번호, 주소, 생년월일, 성별, 권한)
# 최고 관리자 = HeadQuartersADMIN, 지점 관리자 = BRanchADMIN
delete from fitness.member;
insert into fitness.member(me_id, me_pw, me_email, me_name, me_phone, me_postcode, me_address, me_detailAddress, me_extraAddress, me_birth, me_gender, me_authority)
values
	("hq_admin", "1234", "hq_admin@naver.com", "본점",  "021111111", "06234", "서울특별시 강남구 테헤란로 130", "6층", "(역삼동)", "20000101", "남자", "HQADMIN"),
    ("br_admin_ys1", "1234", "br_admin_ys1@naver.com", "역삼점", "021112222", "06231", "서울 강남구 도곡로 205", "지하 1층", "(역삼동)", "20010202", "남자", "BRADMIN"),
	("br_admin_gn1", "1234", "br_admin_gn1@naver.com", "강남점", "021113333", "06242", "서울 강남구 강남대로78길 8", "지하 2층", "(역삼동)", "20020303", "남자", "BRADMIN"),
    ("br_admin_nh1", "1234", "br_admin_nh1@naver.com", "논현점", "021114444", "06110", "서울 강남구 학동로4길 15", "지하 1층", "(논현동)", "20030404", "남자", "BRADMIN"),
    ("br_admin_dc1", "1234", "br_admin_dc1@naver.com", "대치동점", "021115555", "06282", "서울 강남구 도곡로 510", "지하 1층", "(대치동)", "20040505", "남자", "BRADMIN"),
    ("br_admin_sl1", "1234", "br_admin_sl1@naver.com", "선릉점", "021116666", "06150", "서울 강남구 선릉로 513", "지하1층", "(역삼동)", "20050606", "남자", "BRADMIN"),
	("user1", "1234", "user1@naver.com", "김유저", "01011112345", "06234", "서울 강남구 테헤란로 14길 6", "2층", "(역삼동)", "19820123", "남자", "USER"),
    ("user2", "1234", "user2@naver.com", "박유저", "01022222345", "06234", "서울 강남구 테헤란로 10길 9", "4층", "(역삼동)", "19930210", "남자", "USER"),
    ("user3", "1234", "user3@naver.com", "이유저", "01033332345", "06234", "서울 강남구 테헤란로 130", "6층", "(역삼동)", "20010331", "남자", "USER"),
    ("user4", "1234", "user4@naver.com", "최유저", "01044442345", "04540", "서울 중구 남대문로 120", "2층", "(남대문로1가)", "19850402", "여자", "USER"),
    ("user5", "1234", "user5@naver.com", "정유저", "01055552345", "07212", "서울 영등포구 선유동2로 57", "1층", "(양평동4가)", "19960517", "여자", "USER"),
    ("user6", "1234", "user6@naver.com", "조유저", "01066662345", "06052", "서울 강남구 논현로 132길 9", "1층", "(논현동)", "20001212", "여자", "USER");


#운동기구(운동기구명, 운동기구파일명)
delete from `sports_equipment`;
insert into `sports_equipment` (se_name, se_fi_name)
values
	('런닝머신 JX-650W', 'running_machine.JPG'),
	('입식 자전거 JX-170U', 'standing_bicycle.JPG'),
	('스피닝 자전거 JX-7907', 'spinning_bicycle.JPG'),
	('좌식 자전거 JX-2018', 'sedentary_bicycle.JPG'),
	('다기능 운동기구 JX-185F', 'multifunctional_exercise_equipment.JPG'),
	('스미스 머신 JX-C324', 'weight_bench.JPG'),
	('웨이트 벤치 JX-CB-204B', 'running_machine.JPG'),
	('올림픽 플랫 벤치 JX-C329', 'olympic_flat_bench.JPG'),
	('올림픽 인클라인 벤치 JX-C330', 'olympic_incline_bench.JPG'),
	('올림픽 디클라인 벤치 JX-C331', 'olympic_decline_bench.JPG'),
	('케이블 크로스오버 JX-C322', 'cable_crossover.JPG'),
	('레그프레스 JX-C325', 'leg_press.JPG'),
	('체스트 프레스 머신 J400-01', 'chest_press_machine.JPG'),
	('레그 컬 J400-11', 'leg_curl.JPG'),
	('버터 플라이 머신 J400-15', 'butterfly_machine.JPG'),
	('렛 풀 다운 머신 J400-03', 'let_pull_down_machine.JPG'),
	('친업 딥 스테이션 J400-16', 'chin_up_deep_station.JPG'),
	('숄더 프레스 머신 J400-04', 'shoulder_press_machine.JPG');


# 지점 기구 재고(재고수량, 재고제조년월, 기록날짜, 기록유형, 지점명, 운동기구명)
# 지점, 운동기구 테이블 필요
delete from fitness.branch_equipment_stock;
insert into fitness.branch_equipment_stock(be_amount, be_record, be_birth, be_type, be_br_name, be_se_name)
values
	(50, "2000-01-01", "2000-01-01", "입고", "본점", "런닝머신 JX-650W"),			(50, "2000-01-01", "2000-01-01", "입고", "본점", "입식 자전거 JX-170U"),
    (50, "2000-01-01", "2000-01-01", "입고", "본점", "스피닝 자전거 JX-7907"),		(50, "2000-01-01", "2000-01-01", "입고", "본점", "좌식 자전거 JX-2018"),
    (50, "2000-01-01", "2000-01-01", "입고", "본점", "다기능 운동기구 JX-185F"),		(50, "2000-01-01", "2000-01-01", "입고", "본점", "스미스 머신 JX-C324"),
    (50, "2000-01-01", "2000-01-01", "입고", "본점", "웨이트 벤치 JX-CB-204B"),		(50, "2000-01-01", "2000-01-01", "입고", "본점", "올림픽 플랫 벤치 JX-C329"),
    (50, "2000-01-01", "2000-01-01", "입고", "본점", "올림픽 인클라인 벤치 JX-C330"),	(50, "2000-01-01", "2000-01-01", "입고", "본점", "올림픽 디클라인 벤치 JX-C331"),
    (50, "2000-01-01", "2000-01-01", "입고", "본점", "케이블 크로스오버 JX-C322"),		(50, "2000-01-01", "2000-01-01", "입고", "본점", "레그프레스 JX-C325"),
    (50, "2000-01-01", "2000-01-01", "입고", "본점", "체스트 프레스 머신 J400-01"),	(50, "2000-01-01", "2000-01-01", "입고", "본점", "레그 컬 J400-11"),
    (50, "2000-01-01", "2000-01-01", "입고", "본점", "버터 플라이 머신 J400-15"),		(50, "2000-01-01", "2000-01-01", "입고", "본점", "렛 풀 다운 머신 J400-03"),
    (50, "2000-01-01", "2000-01-01", "입고", "본점", "친업 딥 스테이션 J400-16"),		(50, "2000-01-01", "2000-01-01", "입고", "본점", "숄더 프레스 머신 J400-04"),
    
	(50, "2000-02-02", "2000-02-02", "입고", "본점", "런닝머신 JX-650W"),			(50, "2001-02-11", "2001-01-11", "입고", "본점", "입식 자전거 JX-170U"),
    (50, "2000-03-03", "2000-03-03", "입고", "본점", "스피닝 자전거 JX-7907"),		(50, "2001-03-12", "2001-01-12", "입고", "본점", "좌식 자전거 JX-2018"),
    (50, "2000-04-04", "2000-04-04", "입고", "본점", "다기능 운동기구 JX-185F"),		(50, "2001-04-13", "2001-01-13", "입고", "본점", "스미스 머신 JX-C324"),
    (50, "2000-05-05", "2000-05-05", "입고", "본점", "웨이트 벤치 JX-CB-204B"),		(50, "2001-05-14", "2001-01-14", "입고", "본점", "올림픽 플랫 벤치 JX-C329"),
    (50, "2000-06-06", "2000-06-06", "입고", "본점", "올림픽 인클라인 벤치 JX-C330"),	(50, "2001-06-15", "2001-01-15", "입고", "본점", "올림픽 디클라인 벤치 JX-C331"),
    (50, "2000-07-07", "2000-07-07", "입고", "본점", "케이블 크로스오버 JX-C322"),		(50, "2001-07-16", "2001-01-16", "입고", "본점", "레그프레스 JX-C325"),
    (50, "2000-08-08", "2000-08-08", "입고", "본점", "체스트 프레스 머신 J400-01"),	(50, "2001-08-17", "2001-01-17", "입고", "본점", "레그 컬 J400-11"),
    (50, "2000-09-09", "2000-09-09", "입고", "본점", "버터 플라이 머신 J400-15"),		(50, "2001-09-18", "2001-01-18", "입고", "본점", "렛 풀 다운 머신 J400-03"),
    (50, "2000-10-10", "2000-10-10", "입고", "본점", "친업 딥 스테이션 J400-16"),		(50, "2001-10-19", "2001-01-19", "입고", "본점", "숄더 프레스 머신 J400-04"),
    
	(-5, "2001-02-03", "2000-01-01", "출고", "본점", "런닝머신 JX-650W"),			(-5, "2001-02-02", "2000-01-01", "출고", "본점", "입식 자전거 JX-170U"),
    (-6, "2001-02-04", "2000-01-01", "출고", "본점", "스피닝 자전거 JX-7907"),		(-6, "2001-02-02", "2000-01-01", "출고", "본점", "좌식 자전거 JX-2018"),
    (-7, "2001-02-05", "2000-01-01", "출고", "본점", "다기능 운동기구 JX-185F"),		(-7, "2001-02-02", "2000-01-01", "출고", "본점", "스미스 머신 JX-C324"),
    (-8, "2001-02-06", "2000-01-01", "출고", "본점", "웨이트 벤치 JX-CB-204B"),		(-8, "2001-02-02", "2000-01-01", "출고", "본점", "올림픽 플랫 벤치 JX-C329"),
    (-9, "2001-02-07", "2000-01-01", "출고", "본점", "올림픽 인클라인 벤치 JX-C330"),	(-9, "2001-02-02", "2000-01-01", "출고", "본점", "올림픽 디클라인 벤치 JX-C331"),
    (-8, "2001-02-08", "2000-01-01", "출고", "본점", "케이블 크로스오버 JX-C322"),		(-8, "2001-02-02", "2000-01-01", "출고", "본점", "레그프레스 JX-C325"),
    (-7, "2001-02-09", "2000-01-01", "출고", "본점", "체스트 프레스 머신 J400-01"),	(-7, "2001-02-02", "2000-01-01", "출고", "본점", "레그 컬 J400-11"),
    (-6, "2001-02-08", "2000-01-01", "출고", "본점", "버터 플라이 머신 J400-15"),		(-6, "2001-02-02", "2000-01-01", "출고", "본점", "렛 풀 다운 머신 J400-03"),
    (-5, "2001-02-07", "2000-01-01", "출고", "본점", "친업 딥 스테이션 J400-16"),		(-5, "2001-02-02", "2000-01-01", "출고", "본점", "숄더 프레스 머신 J400-04"),
    
	(5, "2001-02-03", "2000-01-01", "입고", "역삼점", "런닝머신 JX-650W"),			(5, "2001-02-02", "2000-01-01", "입고", "역삼점", "입식 자전거 JX-170U"),
    (6, "2001-02-04", "2000-01-01", "입고", "역삼점", "스피닝 자전거 JX-7907"),		(6, "2001-02-02", "2000-01-01", "입고", "역삼점", "좌식 자전거 JX-2018"),
    (7, "2001-02-05", "2000-01-01", "입고", "역삼점", "다기능 운동기구 JX-185F"),		(7, "2001-02-02", "2000-01-01", "입고", "역삼점", "스미스 머신 JX-C324"),
    (8, "2001-02-06", "2000-01-01", "입고", "역삼점", "웨이트 벤치 JX-CB-204B"),		(8, "2001-02-02", "2000-01-01", "입고", "역삼점", "올림픽 플랫 벤치 JX-C329"),
    (9, "2001-02-07", "2000-01-01", "입고", "역삼점", "올림픽 인클라인 벤치 JX-C330"),	(9, "2001-02-02", "2000-01-01", "입고", "역삼점", "올림픽 디클라인 벤치 JX-C331"),
    (8, "2001-02-08", "2000-01-01", "입고", "역삼점", "케이블 크로스오버 JX-C322"),		(8, "2001-02-02", "2000-01-01", "입고", "역삼점", "레그프레스 JX-C325"),
    (7, "2001-02-09", "2000-01-01", "입고", "역삼점", "체스트 프레스 머신 J400-01"),	(7, "2001-02-02", "2000-01-01", "입고", "역삼점", "레그 컬 J400-11"),
    (6, "2001-02-08", "2000-01-01", "입고", "역삼점", "버터 플라이 머신 J400-15"),		(6, "2001-02-02", "2000-01-01", "입고", "역삼점", "렛 풀 다운 머신 J400-03"),
    (5, "2001-02-07", "2000-01-01", "입고", "역삼점", "친업 딥 스테이션 J400-16"),		(5, "2001-02-02", "2000-01-01", "입고", "역삼점", "숄더 프레스 머신 J400-04"),
    
	(-9, "2002-03-04", "2000-01-01", "출고", "본점", "런닝머신 JX-650W"),			(-9, "2002-03-03", "2000-01-01", "출고", "본점", "입식 자전거 JX-170U"),
    (-8, "2002-03-05", "2000-01-01", "출고", "본점", "스피닝 자전거 JX-7907"),		(-8, "2002-03-03", "2000-01-01", "출고", "본점", "좌식 자전거 JX-2018"),
    (-7, "2002-03-06", "2000-01-01", "출고", "본점", "다기능 운동기구 JX-185F"),		(-7, "2002-03-03", "2000-01-01", "출고", "본점", "스미스 머신 JX-C324"),
    (-6, "2002-03-07", "2000-01-01", "출고", "본점", "웨이트 벤치 JX-CB-204B"),		(-6, "2002-03-03", "2000-01-01", "출고", "본점", "올림픽 플랫 벤치 JX-C329"),
    (-5, "2002-03-08", "2000-01-01", "출고", "본점", "올림픽 인클라인 벤치 JX-C330"),	(-5, "2002-03-03", "2000-01-01", "출고", "본점", "올림픽 디클라인 벤치 JX-C331"),
    (-6, "2002-03-09", "2000-01-01", "출고", "본점", "케이블 크로스오버 JX-C322"),		(-6, "2002-03-03", "2000-01-01", "출고", "본점", "레그프레스 JX-C325"),
    (-7, "2002-03-08", "2000-01-01", "출고", "본점", "체스트 프레스 머신 J400-01"),	(-7, "2002-03-03", "2000-01-01", "출고", "본점", "레그 컬 J400-11"),
    (-8, "2002-03-07", "2000-01-01", "출고", "본점", "버터 플라이 머신 J400-15"),		(-8, "2002-03-03", "2000-01-01", "출고", "본점", "렛 풀 다운 머신 J400-03"),
    (-9, "2002-03-06", "2000-01-01", "출고", "본점", "친업 딥 스테이션 J400-16"),		(-9, "2002-03-03", "2000-01-01", "출고", "본점", "숄더 프레스 머신 J400-04"),
    
	(9, "2002-03-04", "2000-01-01", "입고", "강남점", "런닝머신 JX-650W"),			(9, "2002-03-03", "2000-01-01", "입고", "강남점", "입식 자전거 JX-170U"),
    (8, "2002-03-05", "2000-01-01", "입고", "강남점", "스피닝 자전거 JX-7907"),		(8, "2002-03-03", "2000-01-01", "입고", "강남점", "좌식 자전거 JX-2018"),
    (7, "2002-03-06", "2000-01-01", "입고", "강남점", "다기능 운동기구 JX-185F"),		(7, "2002-03-03", "2000-01-01", "입고", "강남점", "스미스 머신 JX-C324"),
    (6, "2002-03-07", "2000-01-01", "입고", "강남점", "웨이트 벤치 JX-CB-204B"),		(6, "2002-03-03", "2000-01-01", "입고", "강남점", "올림픽 플랫 벤치 JX-C329"),
    (5, "2002-03-08", "2000-01-01", "입고", "강남점", "올림픽 인클라인 벤치 JX-C330"),	(5, "2002-03-03", "2000-01-01", "입고", "강남점", "올림픽 디클라인 벤치 JX-C331"),
    (6, "2002-03-09", "2000-01-01", "입고", "강남점", "케이블 크로스오버 JX-C322"),		(6, "2002-03-03", "2000-01-01", "입고", "강남점", "레그프레스 JX-C325"),
    (7, "2002-03-08", "2000-01-01", "입고", "강남점", "체스트 프레스 머신 J400-01"),	(7, "2002-03-03", "2000-01-01", "입고", "강남점", "레그 컬 J400-11"),
    (8, "2002-03-07", "2000-01-01", "입고", "강남점", "버터 플라이 머신 J400-15"),		(8, "2002-03-03", "2000-01-01", "입고", "강남점", "렛 풀 다운 머신 J400-03"),
    (9, "2002-03-06", "2000-01-01", "입고", "강남점", "친업 딥 스테이션 J400-16"),		(9, "2002-03-03", "2000-01-01", "입고", "강남점", "숄더 프레스 머신 J400-04"),
    
	(-5, "2003-04-05", "2000-01-01", "출고", "본점", "런닝머신 JX-650W"),			(-5, "2003-04-04", "2000-01-01", "출고", "본점", "입식 자전거 JX-170U"),
    (-6, "2003-04-06", "2000-01-01", "출고", "본점", "스피닝 자전거 JX-7907"),		(-6, "2003-04-04", "2000-01-01", "출고", "본점", "좌식 자전거 JX-2018"),
    (-7, "2003-04-07", "2000-01-01", "출고", "본점", "다기능 운동기구 JX-185F"),		(-7, "2003-04-04", "2000-01-01", "출고", "본점", "스미스 머신 JX-C324"),
    (-8, "2003-04-08", "2000-01-01", "출고", "본점", "웨이트 벤치 JX-CB-204B"),		(-8, "2003-04-04", "2000-01-01", "출고", "본점", "올림픽 플랫 벤치 JX-C329"),
    (-9, "2003-04-09", "2000-01-01", "출고", "본점", "올림픽 인클라인 벤치 JX-C330"),	(-9, "2003-04-04", "2000-01-01", "출고", "본점", "올림픽 디클라인 벤치 JX-C331"),
    (-8, "2003-04-08", "2000-01-01", "출고", "본점", "케이블 크로스오버 JX-C322"),		(-8, "2003-04-04", "2000-01-01", "출고", "본점", "레그프레스 JX-C325"),
    (-7, "2003-04-07", "2000-01-01", "출고", "본점", "체스트 프레스 머신 J400-01"),	(-7, "2003-04-04", "2000-01-01", "출고", "본점", "레그 컬 J400-11"),
    (-6, "2003-04-06", "2000-01-01", "출고", "본점", "버터 플라이 머신 J400-15"),		(-6, "2003-04-04", "2000-01-01", "출고", "본점", "렛 풀 다운 머신 J400-03"),
    (-5, "2003-04-05", "2000-01-01", "출고", "본점", "친업 딥 스테이션 J400-16"),		(-5, "2003-04-04", "2000-01-01", "출고", "본점", "숄더 프레스 머신 J400-04"),
    
	(5, "2003-04-05", "2000-01-01", "입고", "논현점", "런닝머신 JX-650W"),			(5, "2003-04-04", "2000-01-01", "입고", "논현점", "입식 자전거 JX-170U"),
    (6, "2003-04-06", "2000-01-01", "입고", "논현점", "스피닝 자전거 JX-7907"),		(6, "2003-04-04", "2000-01-01", "입고", "논현점", "좌식 자전거 JX-2018"),
    (7, "2003-04-07", "2000-01-01", "입고", "논현점", "다기능 운동기구 JX-185F"),		(7, "2003-04-04", "2000-01-01", "입고", "논현점", "스미스 머신 JX-C324"),
    (8, "2003-04-08", "2000-01-01", "입고", "논현점", "웨이트 벤치 JX-CB-204B"),		(8, "2003-04-04", "2000-01-01", "입고", "논현점", "올림픽 플랫 벤치 JX-C329"),
    (9, "2003-04-09", "2000-01-01", "입고", "논현점", "올림픽 인클라인 벤치 JX-C330"),	(9, "2003-04-04", "2000-01-01", "입고", "논현점", "올림픽 디클라인 벤치 JX-C331"),
    (8, "2003-04-08", "2000-01-01", "입고", "논현점", "케이블 크로스오버 JX-C322"),		(8, "2003-04-04", "2000-01-01", "입고", "논현점", "레그프레스 JX-C325"),
    (7, "2003-04-07", "2000-01-01", "입고", "논현점", "체스트 프레스 머신 J400-01"),	(7, "2003-04-04", "2000-01-01", "입고", "논현점", "레그 컬 J400-11"),
    (6, "2003-04-06", "2000-01-01", "입고", "논현점", "버터 플라이 머신 J400-15"),		(6, "2003-04-04", "2000-01-01", "입고", "논현점", "렛 풀 다운 머신 J400-03"),
    (5, "2003-04-05", "2000-01-01", "입고", "논현점", "친업 딥 스테이션 J400-16"),		(5, "2003-04-04", "2000-01-01", "입고", "논현점", "숄더 프레스 머신 J400-04"),
    
	(-9, "2004-05-06", "2000-01-01", "출고", "본점", "런닝머신 JX-650W"),			(-9, "2004-05-05", "2000-01-01", "출고", "본점", "입식 자전거 JX-170U"),
    (-8, "2004-05-07", "2000-01-01", "출고", "본점", "스피닝 자전거 JX-7907"),		(-8, "2004-05-05", "2000-01-01", "출고", "본점", "좌식 자전거 JX-2018"),
    (-7, "2004-05-08", "2000-01-01", "출고", "본점", "다기능 운동기구 JX-185F"),		(-7, "2004-05-05", "2000-01-01", "출고", "본점", "스미스 머신 JX-C324"),
    (-6, "2004-05-09", "2000-01-01", "출고", "본점", "웨이트 벤치 JX-CB-204B"),		(-6, "2004-05-05", "2000-01-01", "출고", "본점", "올림픽 플랫 벤치 JX-C329"),
    (-5, "2004-05-08", "2000-01-01", "출고", "본점", "올림픽 인클라인 벤치 JX-C330"),	(-5, "2004-05-05", "2000-01-01", "출고", "본점", "올림픽 디클라인 벤치 JX-C331"),
    (-6, "2004-05-07", "2000-01-01", "출고", "본점", "케이블 크로스오버 JX-C322"),		(-6, "2004-05-05", "2000-01-01", "출고", "본점", "레그프레스 JX-C325"),
    (-7, "2004-05-06", "2000-01-01", "출고", "본점", "체스트 프레스 머신 J400-01"),		(-7, "2004-05-05", "2000-01-01", "출고", "본점", "레그 컬 J400-11"),
    (-8, "2004-05-05", "2000-01-01", "출고", "본점", "버터 플라이 머신 J400-15"),		(-8, "2004-05-05", "2000-01-01", "출고", "본점", "렛 풀 다운 머신 J400-03"),
    (-9, "2004-05-04", "2000-01-01", "출고", "본점", "친업 딥 스테이션 J400-16"),		(-9, "2004-05-05", "2000-01-01", "출고", "본점", "숄더 프레스 머신 J400-04"),
    
	(9, "2004-05-06", "2000-01-01", "입고", "대치동점", "런닝머신 JX-650W"),			(9, "2004-05-05", "2000-01-01", "입고", "대치동점", "입식 자전거 JX-170U"),
    (8, "2004-05-07", "2000-01-01", "입고", "대치동점", "스피닝 자전거 JX-7907"),		(8, "2004-05-05", "2000-01-01", "입고", "대치동점", "좌식 자전거 JX-2018"),
    (7, "2004-05-08", "2000-01-01", "입고", "대치동점", "다기능 운동기구 JX-185F"),		(7, "2004-05-05", "2000-01-01", "입고", "대치동점", "스미스 머신 JX-C324"),
    (6, "2004-05-09", "2000-01-01", "입고", "대치동점", "웨이트 벤치 JX-CB-204B"),	(6, "2004-05-05", "2000-01-01", "입고", "대치동점", "올림픽 플랫 벤치 JX-C329"),
    (5, "2004-05-08", "2000-01-01", "입고", "대치동점", "올림픽 인클라인 벤치 JX-C330"),	(5, "2004-05-05", "2000-01-01", "입고", "대치동점", "올림픽 디클라인 벤치 JX-C331"),
    (6, "2004-05-07", "2000-01-01", "입고", "대치동점", "케이블 크로스오버 JX-C322"),	(6, "2004-05-05", "2000-01-01", "입고", "대치동점", "레그프레스 JX-C325"),
    (7, "2004-05-06", "2000-01-01", "입고", "대치동점", "체스트 프레스 머신 J400-01"),	(7, "2004-05-05", "2000-01-01", "입고", "대치동점", "레그 컬 J400-11"),
    (8, "2004-05-05", "2000-01-01", "입고", "대치동점", "버터 플라이 머신 J400-15"),	(8, "2004-05-05", "2000-01-01", "입고", "대치동점", "렛 풀 다운 머신 J400-03"),
    (9, "2004-05-04", "2000-01-01", "입고", "대치동점", "친업 딥 스테이션 J400-16"),	(9, "2004-05-05", "2000-01-01", "입고", "대치동점", "숄더 프레스 머신 J400-04"),

	(-9, "2005-06-07", "2000-01-01", "출고", "본점", "런닝머신 JX-650W"),			(-9, "2005-06-06", "2000-01-01", "출고", "본점", "입식 자전거 JX-170U"),
    (-8, "2005-06-08", "2000-01-01", "출고", "본점", "스피닝 자전거 JX-7907"),		(-8, "2005-06-06", "2000-01-01", "출고", "본점", "좌식 자전거 JX-2018"),
    (-7, "2005-06-09", "2000-01-01", "출고", "본점", "다기능 운동기구 JX-185F"),		(-7, "2005-06-06", "2000-01-01", "출고", "본점", "스미스 머신 JX-C324"),
    (-6, "2005-06-08", "2000-01-01", "출고", "본점", "웨이트 벤치 JX-CB-204B"),		(-6, "2005-06-06", "2000-01-01", "출고", "본점", "올림픽 플랫 벤치 JX-C329"),
    (-5, "2005-06-07", "2000-01-01", "출고", "본점", "올림픽 인클라인 벤치 JX-C330"),	(-5, "2005-06-06", "2000-01-01", "출고", "본점", "올림픽 디클라인 벤치 JX-C331"),
    (-6, "2005-06-06", "2000-01-01", "출고", "본점", "케이블 크로스오버 JX-C322"),		(-6, "2005-06-06", "2000-01-01", "출고", "본점", "레그프레스 JX-C325"),
    (-7, "2005-06-05", "2000-01-01", "출고", "본점", "체스트 프레스 머신 J400-01"),	(-7, "2005-06-06", "2000-01-01", "출고", "본점", "레그 컬 J400-11"),
    (-8, "2005-06-04", "2000-01-01", "출고", "본점", "버터 플라이 머신 J400-15"),		(-8, "2005-06-06", "2000-01-01", "출고", "본점", "렛 풀 다운 머신 J400-03"),
    (-9, "2005-06-03", "2000-01-01", "출고", "본점", "친업 딥 스테이션 J400-16"),		(-9, "2005-06-06", "2000-01-01", "출고", "본점", "숄더 프레스 머신 J400-04"),
    
	(9, "2005-06-07", "2000-01-01", "입고", "선릉점", "런닝머신 JX-650W"),			(9, "2005-06-06", "2000-01-01", "입고", "선릉점", "입식 자전거 JX-170U"),
    (8, "2005-06-08", "2000-01-01", "입고", "선릉점", "스피닝 자전거 JX-7907"),		(8, "2005-06-06", "2000-01-01", "입고", "선릉점", "좌식 자전거 JX-2018"),
    (7, "2005-06-09", "2000-01-01", "입고", "선릉점", "다기능 운동기구 JX-185F"),		(7, "2005-06-06", "2000-01-01", "입고", "선릉점", "스미스 머신 JX-C324"),
    (6, "2005-06-08", "2000-01-01", "입고", "선릉점", "웨이트 벤치 JX-CB-204B"),		(6, "2005-06-06", "2000-01-01", "입고", "선릉점", "올림픽 플랫 벤치 JX-C329"),
    (5, "2005-06-07", "2000-01-01", "입고", "선릉점", "올림픽 인클라인 벤치 JX-C330"),	(5, "2005-06-06", "2000-01-01", "입고", "선릉점", "올림픽 디클라인 벤치 JX-C331"),
    (6, "2005-06-06", "2000-01-01", "입고", "선릉점", "케이블 크로스오버 JX-C322"),		(6, "2005-06-06", "2000-01-01", "입고", "선릉점", "레그프레스 JX-C325"),
    (7, "2005-06-05", "2000-01-01", "입고", "선릉점", "체스트 프레스 머신 J400-01"),	(7, "2005-06-06", "2000-01-01", "입고", "선릉점", "레그 컬 J400-11"),
    (8, "2005-06-04", "2000-01-01", "입고", "선릉점", "버터 플라이 머신 J400-15"),		(8, "2005-06-06", "2000-01-01", "입고", "선릉점", "렛 풀 다운 머신 J400-03"),
    (9, "2005-06-03", "2000-01-01", "입고", "선릉점", "친업 딥 스테이션 J400-16"),		(9, "2005-06-06", "2000-01-01", "입고", "선릉점", "숄더 프레스 머신 J400-04"),
    
	(-1, "2020-03-11", "2000-01-01", "고장", "역삼점", "런닝머신 JX-650W"),			(-1, "2021-07-15", "2000-01-01", "고장", "역삼점", "입식 자전거 JX-170U"),
    (-1, "2023-04-05", "2000-01-01", "고장", "역삼점", "스피닝 자전거 JX-7907"),		(-2, "2023-08-24", "2000-01-01", "고장", "역삼점", "좌식 자전거 JX-2018"),
    (-2, "2024-06-05", "2000-01-01", "고장", "역삼점", "다기능 운동기구 JX-185F"),		(-3, "2024-07-09", "2000-01-01", "고장", "역삼점", "스미스 머신 JX-C324");


# 지점 파일(지점파일명, 지점명)
delete from fitness.branch_file;
insert into fitness.branch_file(bf_name, bf_br_name)
values
	("역삼점01.jpg", "역삼점"), ("역삼점02.jpg", "역삼점"), ("역삼점03.jpg", "역삼점"), ("역삼점04.jpg", "역삼점"), ("역삼점05.jpg", "역삼점"), 
    ("역삼점06.jpg", "역삼점"), ("역삼점07.jpg", "역삼점"), ("역삼점08.jpg", "역삼점"), ("역삼점09.jpg", "역삼점"), ("역삼점10.jpg", "역삼점"), 
	("강남점01.jpg", "강남점"), ("강남점02.jpg", "강남점"), ("강남점03.jpg", "강남점"), ("강남점04.jpg", "강남점"), ("강남점05.jpg", "강남점"),
    ("강남점06.jpg", "강남점"), ("강남점07.jpg", "강남점"), ("강남점08.jpg", "강남점"), ("강남점09.jpg", "강남점"), ("강남점10.jpg", "강남점"),
    ("논현점01.jpg", "논현점"), ("논현점02.jpg", "논현점"), ("논현점03.jpg", "논현점"), ("논현점04.jpg", "논현점"), ("논현점05.jpg", "논현점"),
    ("논현점06.jpg", "논현점"), ("논현점07.jpg", "논현점"), ("논현점08.jpg", "논현점"), ("논현점09.jpg", "논현점"), ("논현점10.jpg", "논현점"),
    ("대치동점01.jpg", "대치동점"), ("대치동점02.jpg", "대치동점"), ("대치동점03.jpg", "대치동점"), ("대치동점04.jpg", "대치동점"), ("대치동점05.jpg", "대치동점"), 
    ("대치동점06.jpg", "대치동점"), ("대치동점07.jpg", "대치동점"), ("대치동점08.jpg", "대치동점"), ("대치동점09.jpg", "대치동점"), ("대치동점10.jpg", "대치동점"), 
    ("선릉점01.jpg", "선릉점"), ("선릉점02.jpg", "선릉점"), ("선릉점03.jpg", "선릉점"), ("선릉점04.jpg", "선릉점"), ("선릉점05.jpg", "선릉점"),
    ("선릉점06.jpg", "선릉점"), ("선릉점07.jpg", "선릉점"), ("선릉점08.jpg", "선릉점"), ("선릉점09.jpg", "선릉점"), ("선릉점10.jpg", "선릉점");


# 지점 발주(발주수량, 발주상태, 발주신청날짜, 지점명, 운동기구명)
# 지점, 운동기구 테이블 필요
delete from fitness.branch_order;
insert into fitness.branch_order(bo_amount, bo_state, bo_date, bo_br_name, bo_se_name)
values
	(5, "입고완료", "2001-02-03", "역삼점", "런닝머신 JX-650W"),			(5, "입고완료", "2001-02-02", "역삼점", "입식 자전거 JX-170U"),
    (6, "입고완료", "2001-02-04", "역삼점", "스피닝 자전거 JX-7907"),		(6, "입고완료", "2001-02-02", "역삼점", "좌식 자전거 JX-2018"),
    (7, "입고완료", "2001-02-05", "역삼점", "다기능 운동기구 JX-185F"),		(7, "입고완료", "2001-02-02", "역삼점", "스미스 머신 JX-C324"),
    (8, "입고완료", "2001-02-06", "역삼점", "웨이트 벤치 JX-CB-204B"),		(8, "입고완료", "2001-02-02", "역삼점", "올림픽 플랫 벤치 JX-C329"),
    (9, "입고완료", "2001-02-07", "역삼점", "올림픽 인클라인 벤치 JX-C330"),	(9, "입고완료", "2001-02-02", "역삼점", "올림픽 디클라인 벤치 JX-C331"),
    (8, "입고완료", "2001-02-08", "역삼점", "케이블 크로스오버 JX-C322"),	(8, "입고완료", "2001-02-02", "역삼점", "레그프레스 JX-C325"),
    (7, "입고완료", "2001-02-09", "역삼점", "체스트 프레스 머신 J400-01"),	(7, "입고완료", "2001-02-02", "역삼점", "레그 컬 J400-11"),
    (6, "입고완료", "2001-02-08", "역삼점", "버터 플라이 머신 J400-15"),	(6, "입고완료", "2001-02-02", "역삼점", "렛 풀 다운 머신 J400-03"),
    (5, "입고완료", "2001-02-07", "역삼점", "친업 딥 스테이션 J400-16"),	(5, "입고완료", "2001-02-02", "역삼점", "숄더 프레스 머신 J400-04"),
    
    (1, "승인거절", "2020-03-15", "역삼점", "런닝머신 JX-650W"),			(1, "승인거절", "2021-08-02", "역삼점", "입식 자전거 JX-170U"),
    (1, "승인거절", "2023-04-06", "역삼점", "스피닝 자전거 JX-7907"),		(2, "승인거절", "2023-11-11", "역삼점", "좌식 자전거 JX-2018"),
    (2, "승인거절", "2024-06-15", "역삼점", "다기능 운동기구 JX-185F"),		(3, "승인거절", "2024-07-27", "역삼점", "스미스 머신 JX-C324"),
    
	(1, "승인대기", NOW(), "역삼점", "다기능 운동기구 JX-185F"),	(2, "승인대기", NOW(), "역삼점", "런닝머신 JX-650W"),
    (3, "승인대기", NOW(), "역삼점", "좌식 자전거 JX-2018"),		(1, "승인대기", NOW(), "강남점", "런닝머신 JX-650W"),
	(4, "승인거절", NOW(), "강남점", "런닝머신 JX-650W"),			(2, "승인대기", NOW(), "강남점", "체스트 프레스 머신 J400-01"),
    (3, "승인대기", NOW(), "논현점", "친업 딥 스테이션 J400-16"),	(1, "승인거절", NOW(), "논현점", "레그 컬 J400-11"),
    (2, "승인대기", NOW(), "논현점", "올림픽 디클라인 벤치 JX-C331"),(1, "승인대기", NOW(), "대치동점", "런닝머신 JX-650W"),
	(4, "승인거절", NOW(), "대치동점", "런닝머신 JX-650W"),		(2, "승인대기", NOW(), "대치동점", "체스트 프레스 머신 J400-01"),
	(3, "승인대기", NOW(), "선릉점", "친업 딥 스테이션 J400-16"),	(1, "승인거절", NOW(), "선릉점", "레그 컬 J400-11"),
    (2, "승인대기", NOW(), "선릉점", "올림픽 디클라인 벤치 JX-C331");


# 직원(직원이름, 전화번호, 이메일, 성별, 직책, 입사일, 주소, 직원파일명, 지점명)
# 지점 테이블 필요
delete from fitness.employee;
insert into fitness.employee(em_num, em_name, em_phone, em_email, em_gender, em_position, em_join, em_postcode, em_address, em_detailAddress, em_extraAddress, em_fi_name, em_br_name)
values
	(20241111, "김피티역삼", "01011112222", "kimpt_ys@naver.com", "남자", "PT트레이너", "2001-03-01", "06231", "서울 강남구 도곡로 205", "지하 1층", "(역삼동)", "김피티역삼.jpg", "역삼점"),
    (20241112, "박피티역삼", "01011112223", "parkpt_ys@naver.com", "남자", "PT트레이너", "2001-03-15", "06231", "서울 강남구 도곡로 205", "지하 1층", "(역삼동)", "박피티역삼.jpg", "역삼점"),
    (20241113, "윤피티역삼", "01011112224", "yoonpt_ys@naver.com", "여자", "PT트레이너", "2001-04-21", "06231", "서울 강남구 도곡로 205", "지하 1층", "(역삼동)", "윤피티역삼.jpg", "역삼점"),
    (20241114, "정요가역삼", "01011112233", "jungyoga_ys@naver.com", "여자", "요가강사", "2001-06-01", "06231", "서울 강남구 도곡로 205", "지하 1층", "(역삼동)", "정요가역삼.jpg", "역삼점"),
    (20241115, "이필라역삼", "01011112244", "leepila_ys@naver.com", "여자", "필라테스강사", "2001-05-13", "06231", "서울 강남구 도곡로 205", "지하 1층", "(역삼동)", "이필라역삼.jpg", "역삼점"),
    (20241116, "최스피닝역삼", "01011112255", "choispinning_ys@naver.com", "남자", "스피닝강사", "2001-12-12", "06231", "서울 강남구 도곡로 205", "지하 1층", "(역삼동)", "최스피닝역삼.jpg", "역삼점"),
    (20241117, "오크로스핏역삼", "01011112266", "ohcrossfit_ys@naver.com", "남자", "크로스핏강사", "2001-11-27", "06231", "서울 강남구 도곡로 205", "지하 1층", "(역삼동)", "오크로스핏역삼.jpg", "역삼점"),
    
	(20242221, "김피티강남", "01022223333", "kimpt_gn@naver.com", "남자", "PT트레이너", "2002-04-01", "06242", "서울 강남구 강남대로78길 8", "지하 2층", "(역삼동)", "김피티강남.jpg", "강남점"),
    (20242222, "박피티강남", "01022223334", "parkpt_gn@naver.com", "남자", "PT트레이너", "2002-05-15", "06242", "서울 강남구 강남대로78길 8", "지하 2층", "(역삼동)", "박피티강남.jpg", "강남점"),
    (20242223, "윤피티강남", "01022223335", "yoonpt_gn@naver.com", "여자", "PT트레이너", "2002-06-21", "06242", "서울 강남구 강남대로78길 8", "지하 2층", "(역삼동)", "윤피티강남.jpg", "강남점"),
    (20242224, "정요가강남", "01022223344", "jungyoga_gn@naver.com", "여자", "요가강사", "2002-06-01", "06242", "서울 강남구 강남대로78길 8", "지하 2층", "(역삼동)", "정요가강남.jpg", "강남점"),
    (20242225, "이필라강남", "01022223355", "leepila_gn@naver.com", "여자", "필라테스강사", "2002-05-13", "06242", "서울 강남구 강남대로78길 8", "지하 2층", "(역삼동)", "이필라강남.jpg", "강남점"),
    (20242226, "장스피닝강남", "01022223366", "jangspinning_gn@naver.com", "남자", "필라테스강사", "2002-10-30", "06242", "서울 강남구 강남대로78길 8", "지하 2층", "(역삼동)", "장스피닝강남.jpg", "강남점"), 
    
	(20243331, "김피티논현", "01033334444", "kimpt_nh@naver.com", "남자", "PT트레이너", "2003-06-01", "06110", "서울 강남구 학동로4길 15", "지하 1층", "(논현동)", "김피티논현.jpg", "논현점"),
    (20243332, "박피티논현", "01033334445", "parkpt_nh@naver.com", "남자", "PT트레이너", "2003-07-15", "06110", "서울 강남구 학동로4길 15", "지하 1층", "(논현동)", "박피티논현.jpg", "논현점"),
    (20243333, "윤피티논현", "01033334446", "yoonpt_nh@naver.com", "여자", "PT트레이너", "2003-08-21", "06110", "서울 강남구 학동로4길 15", "지하 1층", "(논현동)", "윤피티논현.jpg", "논현점"),
    (20243334, "정요가논현", "01033334455", "jungyoga_nh@naver.com", "여자", "요가강사", "2003-10-01", "06110", "서울 강남구 학동로4길 15", "지하 1층", "(논현동)", "정요가논현.jpg", "논현점"),
    (20243335, "이필라논현", "01033334466", "leepila_nh@naver.com", "여자", "필라테스강사", "2003-11-13", "06110", "서울 강남구 학동로4길 15", "지하 1층", "(논현동)", "이필라논현.jpg", "논현점"),
    (20243336, "나크로스핏논현", "01033334477", "nacrossfit_nh@naver.com", "남자", "필라테스강사", "2003-12-23", "06110", "서울 강남구 학동로4길 15", "지하 1층", "(논현동)", "나크로스핏논현.jpg", "논현점"),
    
	(20244441, "김피티대치", "01044445555", "kimpt_dc@naver.com", "남자", "PT트레이너", "2004-06-01", "06282", "서울 강남구 도곡로 510", "지하 1층", "(대치동)", "김피티대치.jpg", "대치동점"),
    (20244442, "박피티대치", "01044445556", "parkpt_dc@naver.com", "남자", "PT트레이너", "2004-07-15", "06282", "서울 강남구 도곡로 510", "지하 1층", "(대치동)", "박피티대치.jpg", "대치동점"),
    (20244443, "윤피티대치", "01044445557", "yoonpt_dc@naver.com", "여자", "PT트레이너", "2004-08-21", "06282", "서울 강남구 도곡로 510", "지하 1층", "(대치동)", "윤피티대치.jpg", "대치동점"),
    (20244444, "정요가대치", "01044445566", "jungyoga_dc@naver.com", "여자", "요가강사", "2004-09-01", "06282", "서울 강남구 도곡로 510", "지하 1층", "(대치동)", "정요가대치.jpg", "대치동점"),
    (20244445, "이필라대치", "01044445577", "leepila_dc@naver.com", "여자", "필라테스강사", "2004-10-13", "06282", "서울 강남구 도곡로 510", "지하 1층", "(대치동)", "이필라대치.jpg", "대치동점"), 
    
	(20245551, "김피티선릉", "01055556666", "kimpt_sl@naver.com", "남자", "PT트레이너", "2005-07-01", "06150", "서울 강남구 선릉로 513", "지하1층", "(역삼동)", "김피티선릉.jpg", "선릉점"),
    (20245552, "박피티선릉", "01055556667", "parkpt_sl@naver.com", "남자", "PT트레이너", "2005-08-15", "06150", "서울 강남구 선릉로 513", "지하1층", "(역삼동)", "박피티선릉.jpg", "선릉점"),
    (20245553, "윤피티선릉", "01055556668", "yoonpt_sl@naver.com", "여자", "PT트레이너", "2005-07-21", "06150", "서울 강남구 선릉로 513", "지하1층", "(역삼동)", "윤피티선릉.jpg", "선릉점"),
    (20245554, "정요가선릉", "01055556677", "jungyoga_sl@naver.com", "여자", "요가강사", "2005-10-01", "06150", "서울 강남구 선릉로 513", "지하1층", "(역삼동)", "정요가선릉.jpg", "선릉점"),
    (20245555, "이필라선릉", "01055556688", "leepila_sl@naver.com", "여자", "필라테스강사", "2005-12-13", "06150", "서울 강남구 선릉로 513", "지하1층", "(역삼동)", "이필라선릉.jpg", "선릉점");
    
#운동 프로그램(프로그램명, 프로그램설명, 프로그램유형)
delete from `sports_program`;
insert into `sports_program` (sp_name, sp_detail, sp_type)
values
	('PT','1:1 강습으로 개인의 신체적 조건과 라이프스타일에 최적화하여 체계적인 트레이닝이 이루어지는 과정을 말합니다. 회원의 신체적조건(체형, 운동 경력, 심리상태, 질병의 유무)과 운동목적(다이어트, 체력증징, 근력강화, 재활운동 등)에 맞게 식단 관리부터 체형교정 및 생활습관 개선까지 회원이 보다 나은 하루를 맞이할 수 있도록 전반적인 헬스케어 서비스를 제공합니다.','단일'),
	('요가','요가는 신체와 마음의 조화를 추구하는 운동으로, 호흡과 자세를 통해 심신의 균형을 맞추는 데 도움을 줍니다. 유연성 향상, 근력 강화, 스트레스 해소, 그리고 심리적 안정감을 가져다 주며, 다양한 체형과 건강 상태를 가진 사람들이 자신의 페이스에 맞춰 수련할 수 있는 프로그램입니다.','그룹'),
	('필라테스','필라테스는 코어 근육을 강화하고 신체의 균형을 잡는 데 중점을 둔 운동입니다. 작은 기구나 매트를 이용하여 진행되며, 특히 몸의 정렬, 호흡, 근력 강화에 탁월한 효과를 보입니다. 근력과 유연성을 동시에 향상시키며, 재활 운동으로도 많이 이용됩니다.','그룹'),
    ('스피닝','스피닝은 고정된 자전거를 이용한 유산소 운동으로, 체력 강화와 체지방 감소에 효과적입니다. 그룹으로 진행되는 경우가 많으며, 리듬에 맞춰 진행되는 강렬한 운동으로 심폐 기능을 향상시키고 전신을 균형 있게 단련할 수 있습니다.','그룹'),
    ('크로스핏', '크로스핏은 다양한 운동 기법을 혼합하여 짧고 강도 높은 운동을 통해 전신을 단련하는 프로그램입니다. 유산소 운동과 근력 운동을 결합해 체력, 근력, 민첩성, 유연성을 향상시킵니다. 모든 운동은 개인의 신체 능력에 맞춰 조절될 수 있어 남녀노소 누구나 참여 가능합니다.', '그룹');


# 지점 프로그램(총인원수, 지점명, 프로그램명, 직원번호)
# 지점명, 운동 프로그램명, 직원번호 테이블 필요
delete from fitness.branch_program;
insert into fitness.branch_program(bp_total, bp_br_name, bp_sp_name, bp_em_num)
values
	(1, "역삼점", "PT", 20241111), (1, "역삼점", "PT", 20241112), (1, "역삼점", "PT", 20241113), (20, "역삼점", "요가", 20241114), (18, "역삼점", "필라테스", 20241115), (25, "역삼점", "스피닝", 20241116), (24, "역삼점", "크로스핏", 20241117), 
    (1, "강남점", "PT", 20242221), (1, "강남점", "PT", 20242222), (1, "강남점", "PT", 20242223), (20, "강남점", "요가", 20242224), (18, "강남점", "필라테스", 20242225), (25, "강남점", "스피닝", 20242226), 
    (1, "논현점", "PT", 20243331), (1, "논현점", "PT", 20243332), (1, "논현점", "PT", 20243333), (20, "논현점", "요가", 20243334), (18, "논현점", "필라테스", 20243335), (24, "논현점", "크로스핏", 20243336),
    (1, "대치동점", "PT", 20244441), (1, "대치동점", "PT", 20244442), (1, "대치동점", "PT", 20244443), (20, "대치동점", "요가", 20244444), (18, "대치동점", "필라테스", 20244445),
    (1, "선릉점", "PT", 20245551), (1, "선릉점", "PT", 20245552), (1, "선릉점", "PT", 20245553), (20, "선릉점", "요가", 20245554), (18, "선릉점", "필라테스", 20245555);


# 지점 프로그램 일정(일정시작시간, 일정마감시간, 예약인원수, 프로그램번호)
# 지점 프로그램 테이블 필요
delete from fitness.branch_program_schedule;
insert into fitness.branch_program_schedule(bs_start, bs_end, bs_current, bs_bp_num)
values
	("2024-09-27 18:00:00", "2024-09-27 19:00:00", 1, 1), ("2024-10-04 18:00:00", "2024-10-04 19:00:00", 1, 1), ("2024-10-11 18:00:00", "2024-10-11 19:00:00", 1, 1), ("2024-10-18 18:00:00", "2024-10-18 19:00:00", 1, 1),
    ("2024-10-25 18:00:00", "2024-10-25 19:00:00", 1, 1), ("2024-11-01 18:00:00", "2024-11-01 19:00:00", 1, 1), ("2024-11-08 18:00:00", "2024-11-08 19:00:00", 1, 1), ("2024-11-15 18:00:00", "2024-11-15 19:00:00", 1, 1),
    ("2024-09-30 17:00:00", "2024-09-30 18:00:00", 6, 4), ("2024-10-07 17:00:00", "2024-10-07 18:00:00", 6, 4), ("2024-10-14 17:00:00", "2024-10-14 18:00:00", 6, 4), ("2024-10-21 17:00:00", "2024-10-21 18:00:00", 6, 4), 
    ("2024-10-28 17:00:00", "2024-10-28 18:00:00", 6, 4), ("2024-11-04 17:00:00", "2024-11-04 18:00:00", 6, 4), ("2024-11-11 17:00:00", "2024-11-11 18:00:00", 6, 4), ("2024-11-18 17:00:00", "2024-11-18 18:00:00", 6, 4),
    ("2024-10-01 17:00:00", "2024-10-01 18:00:00", 6, 5), ("2024-10-08 17:00:00", "2024-10-08 18:00:00", 6, 5), ("2024-10-15 17:00:00", "2024-10-15 18:00:00", 6, 5), ("2024-10-22 17:00:00", "2024-10-22 18:00:00", 6, 5), 
    ("2024-10-29 17:00:00", "2024-10-29 18:00:00", 6, 5), ("2024-11-05 17:00:00", "2024-11-05 18:00:00", 6, 5), ("2024-11-12 17:00:00", "2024-11-12 18:00:00", 6, 5), ("2024-11-19 17:00:00", "2024-11-19 18:00:00", 6, 5),
    ("2024-10-02 17:00:00", "2024-10-02 18:00:00", 6, 6), ("2024-10-09 17:00:00", "2024-10-09 18:00:00", 6, 6), ("2024-10-16 17:00:00", "2024-10-16 18:00:00", 6, 6), ("2024-10-23 17:00:00", "2024-10-23 18:00:00", 6, 6), 
    ("2024-10-30 17:00:00", "2024-10-30 18:00:00", 6, 6), ("2024-11-06 17:00:00", "2024-11-06 18:00:00", 6, 6), ("2024-11-12 17:00:00", "2024-11-12 18:00:00", 6, 6), ("2024-11-19 17:00:00", "2024-11-19 18:00:00", 6, 6),
    ("2024-10-03 17:00:00", "2024-10-03 18:00:00", 6, 7), ("2024-10-10 17:00:00", "2024-10-10 18:00:00", 6, 7), ("2024-10-17 17:00:00", "2024-10-17 18:00:00", 6, 7), ("2024-10-24 17:00:00", "2024-10-24 18:00:00", 6, 7), 
    ("2024-10-31 17:00:00", "2024-10-31 18:00:00", 6, 7), ("2024-11-07 17:00:00", "2024-11-07 18:00:00", 6, 7), ("2024-11-13 17:00:00", "2024-11-13 18:00:00", 6, 7), ("2024-11-20 17:00:00", "2024-11-20 18:00:00", 6, 7),
    
	("2024-09-30 18:00:00", "2024-09-30 19:00:00", 0, 11), ("2024-10-07 18:00:00", "2024-10-07 19:00:00", 0, 11), ("2024-10-14 18:00:00", "2024-10-14 19:00:00", 0, 11), ("2024-10-21 18:00:00", "2024-10-21 19:00:00", 0, 11), 
    ("2024-10-28 18:00:00", "2024-10-28 19:00:00", 0, 11), ("2024-11-04 18:00:00", "2024-11-04 19:00:00", 0, 11), ("2024-11-11 18:00:00", "2024-11-11 19:00:00", 0, 11), ("2024-11-18 18:00:00", "2024-11-18 19:00:00", 0, 1),
    ("2024-10-01 18:00:00", "2024-10-01 19:00:00", 0, 12), ("2024-10-08 18:00:00", "2024-10-08 19:00:00", 0, 12), ("2024-10-15 18:00:00", "2024-10-15 19:00:00", 0, 12), ("2024-10-22 18:00:00", "2024-10-22 19:00:00", 0, 12), 
    ("2024-10-29 18:00:00", "2024-10-29 19:00:00", 0, 12), ("2024-11-05 18:00:00", "2024-11-05 19:00:00", 0, 12), ("2024-11-12 18:00:00", "2024-11-12 19:00:00", 0, 12), ("2024-11-19 18:00:00", "2024-11-19 19:00:00", 0, 12),
    ("2024-10-02 18:00:00", "2024-10-02 19:00:00", 0, 13), ("2024-10-09 18:00:00", "2024-10-09 19:00:00", 0, 13), ("2024-10-16 18:00:00", "2024-10-16 19:00:00", 0, 13), ("2024-10-23 18:00:00", "2024-10-23 19:00:00", 0, 13), 
    ("2024-10-30 18:00:00", "2024-10-30 19:00:00", 0, 13), ("2024-11-06 18:00:00", "2024-11-06 19:00:00", 0, 13), ("2024-11-12 18:00:00", "2024-11-12 19:00:00", 0, 13), ("2024-11-19 18:00:00", "2024-11-19 19:00:00", 0, 13),

    ("2024-10-01 19:00:00", "2024-10-01 20:00:00", 0, 17), ("2024-10-08 19:00:00", "2024-10-08 20:00:00", 0, 17), ("2024-10-15 19:00:00", "2024-10-15 20:00:00", 0, 17), ("2024-10-22 19:00:00", "2024-10-22 20:00:00", 0, 17), 
    ("2024-10-29 19:00:00", "2024-10-29 20:00:00", 0, 17), ("2024-11-05 19:00:00", "2024-11-05 20:00:00", 0, 17), ("2024-11-12 19:00:00", "2024-11-12 20:00:00", 0, 17), ("2024-11-19 19:00:00", "2024-11-19 20:00:00", 0, 17),
    ("2024-10-02 19:00:00", "2024-10-02 20:00:00", 0, 18), ("2024-10-09 19:00:00", "2024-10-09 20:00:00", 0, 18), ("2024-10-16 19:00:00", "2024-10-16 20:00:00", 0, 18), ("2024-10-23 19:00:00", "2024-10-23 20:00:00", 0, 18), 
    ("2024-10-30 19:00:00", "2024-10-30 20:00:00", 0, 18), ("2024-11-06 19:00:00", "2024-11-06 20:00:00", 0, 18), ("2024-11-12 19:00:00", "2024-11-12 20:00:00", 0, 18), ("2024-11-19 19:00:00", "2024-11-19 20:00:00", 0, 18),
    ("2024-10-03 19:00:00", "2024-10-03 20:00:00", 0, 19), ("2024-10-10 19:00:00", "2024-10-10 20:00:00", 0, 19), ("2024-10-17 19:00:00", "2024-10-17 20:00:00", 0, 19), ("2024-10-24 19:00:00", "2024-10-24 20:00:00", 0, 19), 
    ("2024-10-31 19:00:00", "2024-10-31 20:00:00", 0, 19), ("2024-11-07 19:00:00", "2024-11-07 20:00:00", 0, 19), ("2024-11-13 19:00:00", "2024-11-13 20:00:00", 0, 19), ("2024-11-20 19:00:00", "2024-11-20 20:00:00", 0, 19),
    
	("2024-10-02 20:00:00", "2024-10-02 21:00:00", 0, 23), ("2024-10-09 20:00:00", "2024-10-09 21:00:00", 0, 23), ("2024-10-16 20:00:00", "2024-10-16 21:00:00", 0, 23), ("2024-10-23 20:00:00", "2024-10-23 21:00:00", 0, 23), 
    ("2024-10-30 20:00:00", "2024-10-30 21:00:00", 0, 23), ("2024-11-06 20:00:00", "2024-11-06 21:00:00", 0, 23), ("2024-11-12 20:00:00", "2024-11-12 21:00:00", 0, 23), ("2024-11-19 20:00:00", "2024-11-19 21:00:00", 0, 23),
    ("2024-10-03 20:00:00", "2024-10-03 21:00:00", 0, 24), ("2024-10-10 20:00:00", "2024-10-10 21:00:00", 0, 24), ("2024-10-17 20:00:00", "2024-10-17 21:00:00", 0, 24), ("2024-10-24 20:00:00", "2024-10-24 21:00:00", 0, 24), 
    ("2024-10-31 20:00:00", "2024-10-31 21:00:00", 0, 24), ("2024-11-07 20:00:00", "2024-11-07 21:00:00", 0, 24), ("2024-11-13 20:00:00", "2024-11-13 21:00:00", 0, 24), ("2024-11-20 20:00:00", "2024-11-20 21:00:00", 0, 24),
    
	("2024-10-03 21:00:00", "2024-10-03 22:00:00", 0, 28), ("2024-10-10 21:00:00", "2024-10-10 22:00:00", 0, 28), ("2024-10-17 21:00:00", "2024-10-17 22:00:00", 0, 28), ("2024-10-24 21:00:00", "2024-10-24 22:00:00", 0, 28), 
    ("2024-10-31 21:00:00", "2024-10-31 22:00:00", 0, 28), ("2024-11-07 21:00:00", "2024-11-07 22:00:00", 0, 28), ("2024-11-13 21:00:00", "2024-11-13 22:00:00", 0, 28), ("2024-11-20 21:00:00", "2024-11-20 22:00:00", 0, 28),
	("2024-09-27 21:00:00", "2024-09-27 22:00:00", 0, 29), ("2024-10-04 21:00:00", "2024-10-04 22:00:00", 0, 29), ("2024-10-11 21:00:00", "2024-10-11 22:00:00", 0, 29), ("2024-10-18 21:00:00", "2024-10-18 22:00:00", 0, 29),
    ("2024-10-25 21:00:00", "2024-10-25 22:00:00", 0, 29), ("2024-11-01 21:00:00", "2024-11-01 22:00:00", 0, 29), ("2024-11-08 21:00:00", "2024-11-08 22:00:00", 0, 29), ("2024-11-15 21:00:00", "2024-11-15 22:00:00", 0, 29);

# 결제 종류(결제유형, 기간(30일), 횟수, 가격)
delete from `payment_type`;
insert into `payment_type` (pt_type, pt_date, pt_count, pt_price) 
values
	('헬스장 1개월 이용권', 30, 1, 300000),
	('헬스장 3개월 이용권', 90, 1, 900000),
	('헬스장 6개월 이용권', 180, 1, 1200000),
#PT 이용권 추가(결제 유형, 기간(30일), 횟수(30일 내 10회 수강), 가격)
	('PT 10회', 30, 10, 600000),
	('PT 20회', 60, 20, 1200000),
	('PT 30회', 90, 30, 1800000);


# 결제 내역(결제날짜, 결제금액, 시작날짜, 마감날짜, 리뷰확인, 결제상태, 아이디, 종류번호)
# 회원, 결제 종류 테이블 필요
delete from `payment`;
insert into `payment` (pa_date, pa_price, pa_start, pa_end, pa_me_id, pa_pt_num, pa_review)
values
	('2024-07-26', 300000, '2024-07-27', '2024-08-26', 'user1', '1', 'Y'), ('2024-08-26', 300000, '2024-08-27', '2024-09-26', 'user1', '1', 'Y'), 
    ('2024-09-26', 300000, '2024-09-27', '2024-10-26', 'user1', '1', 'N'), (NOW(), 300000, '2024-10-27', '2024-11-26', 'user1', '1', 'N'),
    ('2024-09-10', 600000, '2024-09-16', '2024-10-15', 'user1', '4', 'Y'), ('2024-10-10', 600000, '2024-10-16', '2024-11-15', 'user1', '4', 'N'),
    
    ('2024-07-05', 900000, '2024-07-11', '2024-10-10', 'user2', '2', 'Y'), ('2024-10-05', 900000, '2024-10-11', '2025-01-10', 'user2', '2', 'N'),
    ('2024-09-26', 300000, '2024-09-27', '2024-10-26', 'user3', '1', 'Y'), (NOW(), 300000, '2024-10-27', '2024-11-26', 'user1', '1', 'N'),
    ('2024-09-26', 300000, '2024-09-27', '2024-10-26', 'user4', '1', 'Y'), (NOW(), 300000, '2024-10-27', '2024-11-26', 'user1', '1', 'N'),
    ('2024-09-26', 300000, '2024-09-27', '2024-10-26', 'user5', '1', 'Y'), (NOW(), 300000, '2024-10-27', '2024-11-26', 'user1', '1', 'N'),
    ('2024-09-26', 300000, '2024-09-27', '2024-10-26', 'user6', '1', 'Y'), (NOW(), 300000, '2024-10-27', '2024-11-26', 'user1', '1', 'N'),
# 환불 확인용 결제내역
	('2024-05-15', 600000, '2024-05-16', '2024-08-15', 'user1', '2', 'N'), ('2024-06-15', 600000, '2024-06-16', '2024-07-15', 'user1', '4', 'N'), 
    ('2024-08-14', 600000, '2024-08-15', '2024-09-14', 'user1', '4', 'N'), ('2024-05-25', 600000, '2024-05-30', '2024-06-29', 'user2', '4', 'N');


# 환불 내역(환불비율, 환불금액, 결제내역번호)
# 결재 내역 테이블 필요
delete from `refund`;
insert into `refund` (re_percent, re_price, re_reason, re_pa_num)
values
	('50', '300000', '중도 해지', 17), ('100', '600000', '시작 전 계약 취소', 18),
	('30', '180000', 'PT트레이너 불만', 19), ('50', '300000', '서비스 불만', 20);


# 프로그램 예약(예약날짜, 아이디, 일정번호)
delete from `program_reservation`;
insert into `program_reservation` (pr_date, pr_me_id, pr_bs_num)
values
	('2024-09-16', 'user1', 1), ('2024-09-16', 'user1', 2), ('2024-09-16', 'user1', 3), ('2024-10-10', 'user1', 4), ('2024-10-10', 'user1', 5), ('2024-10-10', 'user1', 6), ('2024-10-10', 'user1', 7), ('2024-10-10', 'user1', 8),
    ('2024-09-27', 'user1', 9), ('2024-09-27', 'user1', 10), ('2024-09-27', 'user1', 11), ('2024-09-27', 'user1', 12), ('2024-10-27', 'user1', 13), ('2024-10-27', 'user1', 14), ('2024-10-27', 'user1', 15), ('2024-10-27', 'user1', 16),
    ('2024-09-20', 'user1', 17), ('2024-09-20', 'user1', 18), ('2024-09-20', 'user1', 19), ('2024-09-20', 'user1', 20), ('2024-10-20', 'user1', 21), ('2024-10-20', 'user1', 22), ('2024-10-20', 'user1', 23), ('2024-10-20', 'user1', 24), 
    ('2024-09-27', 'user1', 25), ('2024-09-27', 'user1', 26), ('2024-09-27', 'user1', 27), ('2024-09-27', 'user1', 28), ('2024-10-27', 'user1', 29), ('2024-10-27', 'user1', 30), ('2024-10-27', 'user1', 31), ('2024-10-27', 'user1', 32),
    ('2024-09-20', 'user1', 33), ('2024-09-20', 'user1', 34), ('2024-09-20', 'user1', 35), ('2024-09-20', 'user1', 36), ('2024-10-20', 'user1', 37), ('2024-10-20', 'user1', 38), ('2024-10-20', 'user1', 39), ('2024-10-20', 'user1', 40), 
    
	('2024-09-27', 'user2', 9), ('2024-09-27', 'user2', 10), ('2024-09-27', 'user2', 11), ('2024-09-27', 'user2', 12), ('2024-10-27', 'user2', 13), ('2024-10-27', 'user2', 14), ('2024-10-27', 'user2', 15), ('2024-10-27', 'user2', 16),
    ('2024-09-20', 'user2', 17), ('2024-09-20', 'user2', 18), ('2024-09-20', 'user2', 19), ('2024-09-20', 'user2', 20), ('2024-10-20', 'user2', 21), ('2024-10-20', 'user2', 22), ('2024-10-20', 'user2', 23), ('2024-10-20', 'user2', 24), 
    ('2024-09-27', 'user2', 25), ('2024-09-27', 'user2', 26), ('2024-09-27', 'user2', 27), ('2024-09-27', 'user2', 28), ('2024-10-27', 'user2', 29), ('2024-10-27', 'user2', 30), ('2024-10-27', 'user2', 31), ('2024-10-27', 'user2', 32),
    ('2024-09-20', 'user2', 33), ('2024-09-20', 'user2', 34), ('2024-09-20', 'user2', 35), ('2024-09-20', 'user2', 36), ('2024-10-20', 'user2', 37), ('2024-10-20', 'user2', 38), ('2024-10-20', 'user2', 39), ('2024-10-20', 'user2', 40), 

	('2024-09-27', 'user3', 9), ('2024-09-27', 'user3', 10), ('2024-09-27', 'user3', 11), ('2024-09-27', 'user3', 12), ('2024-10-27', 'user3', 13), ('2024-10-27', 'user3', 14), ('2024-10-27', 'user3', 15), ('2024-10-27', 'user3', 16),
    ('2024-09-20', 'user3', 17), ('2024-09-20', 'user3', 18), ('2024-09-20', 'user3', 19), ('2024-09-20', 'user3', 20), ('2024-10-20', 'user3', 21), ('2024-10-20', 'user3', 22), ('2024-10-20', 'user3', 23), ('2024-10-20', 'user3', 24), 
    ('2024-09-27', 'user3', 25), ('2024-09-27', 'user3', 26), ('2024-09-27', 'user3', 27), ('2024-09-27', 'user3', 28), ('2024-10-27', 'user3', 29), ('2024-10-27', 'user3', 30), ('2024-10-27', 'user3', 31), ('2024-10-27', 'user3', 32),
    ('2024-09-20', 'user3', 33), ('2024-09-20', 'user3', 34), ('2024-09-20', 'user3', 35), ('2024-09-20', 'user3', 36), ('2024-10-20', 'user3', 37), ('2024-10-20', 'user3', 38), ('2024-10-20', 'user3', 39), ('2024-10-20', 'user3', 40), 
    
    ('2024-09-27', 'user4', 9), ('2024-09-27', 'user4', 10), ('2024-09-27', 'user4', 11), ('2024-09-27', 'user4', 12), ('2024-10-27', 'user4', 13), ('2024-10-27', 'user4', 14), ('2024-10-27', 'user4', 15), ('2024-10-27', 'user4', 16),
    ('2024-09-20', 'user4', 17), ('2024-09-20', 'user4', 18), ('2024-09-20', 'user4', 19), ('2024-09-20', 'user4', 20), ('2024-10-20', 'user4', 21), ('2024-10-20', 'user4', 22), ('2024-10-20', 'user4', 23), ('2024-10-20', 'user4', 24), 
    ('2024-09-27', 'user4', 25), ('2024-09-27', 'user4', 26), ('2024-09-27', 'user4', 27), ('2024-09-27', 'user4', 28), ('2024-10-27', 'user4', 29), ('2024-10-27', 'user4', 30), ('2024-10-27', 'user4', 31), ('2024-10-27', 'user4', 32),
    ('2024-09-20', 'user4', 33), ('2024-09-20', 'user4', 34), ('2024-09-20', 'user4', 35), ('2024-09-20', 'user4', 36), ('2024-10-20', 'user4', 37), ('2024-10-20', 'user4', 38), ('2024-10-20', 'user4', 39), ('2024-10-20', 'user4', 40), 
    
    ('2024-09-27', 'user5', 9), ('2024-09-27', 'user5', 10), ('2024-09-27', 'user5', 11), ('2024-09-27', 'user5', 12), ('2024-10-27', 'user5', 13), ('2024-10-27', 'user5', 14), ('2024-10-27', 'user5', 15), ('2024-10-27', 'user5', 16),
    ('2024-09-20', 'user5', 17), ('2024-09-20', 'user5', 18), ('2024-09-20', 'user5', 19), ('2024-09-20', 'user5', 20), ('2024-10-20', 'user5', 21), ('2024-10-20', 'user5', 22), ('2024-10-20', 'user5', 23), ('2024-10-20', 'user5', 24), 
    ('2024-09-27', 'user5', 25), ('2024-09-27', 'user5', 26), ('2024-09-27', 'user5', 27), ('2024-09-27', 'user5', 28), ('2024-10-27', 'user5', 29), ('2024-10-27', 'user5', 30), ('2024-10-27', 'user5', 31), ('2024-10-27', 'user5', 32),
    ('2024-09-20', 'user5', 33), ('2024-09-20', 'user5', 34), ('2024-09-20', 'user5', 35), ('2024-09-20', 'user5', 36), ('2024-10-20', 'user5', 37), ('2024-10-20', 'user5', 38), ('2024-10-20', 'user5', 39), ('2024-10-20', 'user5', 40), 
    
    ('2024-09-27', 'user6', 9), ('2024-09-27', 'user6', 10), ('2024-09-27', 'user6', 11), ('2024-09-27', 'user6', 12), ('2024-10-27', 'user6', 13), ('2024-10-27', 'user6', 14), ('2024-10-27', 'user6', 15), ('2024-10-27', 'user6', 16),
    ('2024-09-20', 'user6', 17), ('2024-09-20', 'user6', 18), ('2024-09-20', 'user6', 19), ('2024-09-20', 'user6', 20), ('2024-10-20', 'user6', 21), ('2024-10-20', 'user6', 22), ('2024-10-20', 'user6', 23), ('2024-10-20', 'user6', 24), 
    ('2024-09-27', 'user6', 25), ('2024-09-27', 'user6', 26), ('2024-09-27', 'user6', 27), ('2024-09-27', 'user6', 28), ('2024-10-27', 'user6', 29), ('2024-10-27', 'user6', 30), ('2024-10-27', 'user6', 31), ('2024-10-27', 'user6', 32),
    ('2024-09-20', 'user6', 33), ('2024-09-20', 'user6', 34), ('2024-09-20', 'user6', 35), ('2024-09-20', 'user6', 36), ('2024-10-20', 'user6', 37), ('2024-10-20', 'user6', 38), ('2024-10-20', 'user6', 39), ('2024-10-20', 'user6', 40);
        

# 문의 유형(문의유형명)
delete from fitness.inquiry_type;
insert into fitness.inquiry_type(it_name)
values
	("PT문의"), ("서비스 불만"), ("시설문의"), ("청결관리"),
	("이용문의"), ("환불문의"), ("건의사항"), ("기타");


# 회원 문의(문의제목, 문의내용, 문의상태, 작성자이메일, 문의날짜, 지점명, 문의유형명)
# 지점, 문의 유형 테이블 필요
delete from fitness.member_inquiry;
insert into fitness.member_inquiry(mi_title, mi_content, mi_state, mi_email, mi_date, mi_br_name, mi_it_name)
values
	("PT문의", "강남점 김피티 선생님한테 체험 받고 싶어요", "답변대기", "user1@naver.com", "2024-06-10", "강남점", "PT문의"),
    ("서비스 문의 드립니다.", "요즘 역삼점 서비스가 엉망이에요!", "답변대기", "user2@naver.com", "2024-07-11", "역삼점", "서비스 불만"),
	("기구 문의 드립니다", "기구가 엉망입니다!", "답변대기", "user2@naver.com", "2024-08-16", "논현점", "시설문의"),
# 비회원 문의
	("이용문의드려요", "샤워시설에는 어떤 물품이 있나요?", "답변대기", "guest1@naver.com", "2024-09-05", "역삼점", "이용문의"),
    ("PT문의 드려요", "역삼점에서 가장 엄격하게 가르치는분이 누군가요?", "답변대기", "guest2@naver.com", "2024-10-01", "역삼점", "PT문의");


# 리뷰 게시글(게시글제목, 게시글내용, 작성날짜, 지점명, 내역번호)
# 지점, 결제 내역 테이블 필요
delete from `review_post`;
insert into `review_post` (rp_title, rp_content, rp_date, rp_br_name, rp_pa_num)
values
	('칭찬합니다.', 'PT이용 문의에 대한 답변을 너무 친절하게 잘 해주세요.', '2024-07-30', '본점', 1),
    ('역삼점이 가장 좋은것 같아요', '기구가 다양하고 직원들이 친절해요', '2024-08-14', '역삼점', 7),
    ('서비스가 아쉽네요', '선릉점은 넓은데 생각보다 이용할 기구가 없어요', '2024-09-30', '선릉점', 9),
    ('최고에요', '제가 다녀본 헬스장 중에 여기가 가장 깔끔하고 좋은 것 같아요. 앞으로 계속 이용할 것 같습니다.', '2024-09-05', '역삼점', 2),
    ('역삼점 추천합니다.', '프로그램이 다양해서 좋은 것 같아요.', '2024-10-01', '역삼점', 11),
    ('조금 아쉬워요', '대치동점은 제가 원하는 프로그램이 없어서 멀리 다른 지점으로 가야해서 아쉽워요.', '2024-10-03', '대치동점', 13),
    ('김피티님 너무 좋습니다.', '역삼점 김피티님 너무 잘 알려주세요.', '2024-10-11', '역삼점', 5),
    ('강남점 추천드려요', '역삼점만 다니다가 강남점으로 와봤는데 여기도 시설이 깔끔하고 너무 좋네요 추천드려요', '2024-10-15', '강남점', 15);
        
        